Date,Open,High,Low,Close,Volume,Adj Close
2021-07-21,306.844,339.722,260.99,265.319,42723542.0,265.319
2021-07-26,253.78,254.936,231.576,232.73,6841453.0,232.73
2021-07-27,233.595,245.13,227.827,244.556,4864951.0,244.556
2021-07-28,236.479,241.381,230.711,232.441,1553459.0,232.441
2021-07-29,232.529,236.035,225.811,229.316,1311095.0,229.316
2021-07-30,225.226,234.282,222.012,234.282,556274.0,234.282
2021-08-02,226.102,233.698,224.642,232.822,347457.0,232.822
2021-08-03,228.732,232.529,225.811,230.484,191700.0,230.484
2021-08-04,232.529,234.866,226.102,229.316,213950.0,229.316
2021-08-05,225.226,227.854,222.596,227.854,224220.0,227.854
2021-08-06,227.854,229.9,225.226,227.854,92427.0,227.854
2021-08-10,226.98,227.854,220.26,224.934,172872.0,224.934
2021-08-11,226.395,226.395,219.676,220.553,138640.0,220.553
2021-08-12,220.26,220.26,210.036,210.328,184854.0,210.328
2021-08-13,209.744,209.744,201.564,205.946,255030.0,205.946
2021-08-16,205.654,207.991,191.924,207.991,171161.0,207.991
2021-08-17,206.238,212.957,202.733,202.733,59906.4,202.733
2021-08-18,202.733,206.238,194.262,202.733,102696.0,202.733
2021-08-19,199.52,206.238,196.014,196.89,97561.8,196.89
2021-08-20,196.89,200.98,189.295,191.34,83868.8,191.34
2021-08-23,191.632,196.89,189.879,195.43,82157.4,195.43
2021-08-24,198.351,198.351,195.138,197.474,66752.8,197.474
2021-08-25,198.059,198.059,193.676,193.97,95850.1,193.97
2021-08-26,203.609,204.486,198.644,203.318,229354.0,203.318
2021-08-27,205.07,208.576,201.272,208.283,112966.0,208.283
2021-08-30,210.62,224.934,210.036,223.766,191700.0,223.766
2021-08-31,217.631,232.237,217.631,225.811,73599.1,225.811
2021-09-01,224.058,226.686,218.508,222.596,106119.0,222.596
2021-09-02,223.182,226.98,218.8,222.305,65041.1,222.305
2021-09-03,222.305,226.98,221.721,225.811,34232.1,225.811
2021-09-06,227.564,235.45,223.766,234.574,155756.0,234.574
2021-09-07,235.45,241.001,231.36,236.912,106119.0,236.912
2021-09-08,238.664,240.71,230.484,237.496,106119.0,237.496
2021-09-09,234.866,245.385,234.866,239.246,195123.0,239.246
2021-09-10,243.336,256.482,243.336,254.146,424478.0,254.146
2021-09-13,241.876,246.844,224.642,232.529,306377.0,232.529
2021-09-14,234.866,251.516,234.866,244.214,135217.0,244.214
2021-09-15,244.214,244.214,238.664,241.294,90715.4,241.294
2021-09-16,241.876,241.876,233.99,233.99,285837.0,233.99
2021-09-17,240.124,240.124,234.282,234.282,95850.1,234.282
2021-09-21,230.777,230.777,222.596,223.182,142063.0,223.182
2021-09-22,223.182,227.564,221.428,223.182,97561.8,223.182
2021-09-24,226.102,227.27,222.596,223.473,82157.4,223.473
2021-09-27,227.27,227.27,211.788,218.8,189988.0,218.8
2021-09-28,218.508,219.676,198.644,206.238,311511.0,206.238
2021-09-29,203.902,211.496,203.609,207.114,27385.7,207.114
2021-09-30,210.036,210.036,204.486,204.486,47925.0,204.486
2021-10-01,202.44,207.698,202.149,207.114,54771.4,207.114
2021-10-04,205.654,205.654,198.644,199.227,87292.1,199.227
2021-10-05,199.227,199.227,195.722,198.644,46213.4,198.644
2021-10-06,202.44,218.214,198.644,210.328,114677.0,210.328
2021-10-07,213.249,214.71,206.53,212.08,135217.0,212.08
2021-10-08,214.418,221.721,213.249,217.338,97561.8,217.338
2021-10-11,217.338,229.9,216.754,225.226,191700.0,225.226
2021-10-12,229.316,243.923,227.27,232.822,403940.0,232.822
2021-10-13,231.653,231.653,221.428,222.012,150621.0,222.012
2021-10-14,222.012,227.854,212.665,212.665,123236.0,212.665
2021-10-15,212.665,220.844,212.665,220.844,25674.0,220.844
2021-10-18,221.137,224.934,215.002,224.934,37655.4,224.934
2021-10-19,217.924,230.777,217.924,228.732,29097.3,228.732
2021-10-20,232.822,237.204,229.024,233.99,154045.0,233.99
2021-10-21,233.99,236.912,231.069,235.742,102696.0,235.742
2021-10-22,229.316,236.035,224.35,234.574,54771.4,234.574
2021-10-25,236.618,237.787,235.742,237.204,32520.4,237.204
2021-10-26,239.54,245.385,238.08,242.17,154045.0,242.17
2021-10-27,237.204,239.246,234.866,238.37,41078.7,238.37
2021-10-28,231.945,237.787,231.945,233.99,22250.7,233.99
2021-10-29,236.912,236.912,231.069,234.574,27385.7,234.574
2021-11-01,233.113,239.246,233.113,237.496,27385.7,237.496
2021-11-02,240.418,249.474,240.418,245.968,133505.0,245.968
2021-11-04,250.056,266.418,241.294,265.54,278991.0,265.54
2021-11-05,268.753,285.11,265.54,283.36,267010.0,283.36
2021-11-08,287.45,304.976,283.36,302.638,581947.0,302.638
2021-11-09,299.718,311.984,294.458,310.234,326917.0,310.234
2021-11-10,310.234,314.325,303.806,308.482,155756.0,308.482
2021-11-11,307.312,307.312,290.952,299.718,148910.0,299.718
2021-11-12,291.538,301.468,291.538,299.718,118101.0,299.718
2021-11-15,300.884,358.139,300.884,321.336,1268304.0,321.336
2021-11-16,310.234,321.336,298.548,311.402,219084.0,311.402
2021-11-17,323.088,362.814,312.574,355.804,318358.0,355.804
2021-11-18,349.963,355.221,311.984,330.099,475827.0,330.099
2021-11-19,335.357,354.638,318.412,324.838,183142.0,324.838
2021-11-22,334.186,349.378,324.838,348.793,241337.0,348.793
2021-11-24,359.312,407.221,359.312,394.95,1816019.0,394.95
2021-11-25,394.95,398.453,363.4,386.769,474114.0,386.769
2021-11-26,392.614,396.115,362.232,382.096,515194.0,382.096
2021-11-29,370.995,372.746,323.67,327.761,510060.0,327.761
2021-11-30,330.682,361.064,330.682,335.942,306377.0,335.942
2021-12-01,324.256,333.606,303.806,316.075,431324.0,316.075
2021-12-02,304.392,307.899,288.032,300.884,532310.0,300.884
2021-12-03,302.638,323.67,300.884,319.583,109543.0,319.583
2021-12-06,314.325,341.198,311.984,334.186,1118539213.0,334.186
2021-12-07,338.862,348.793,327.176,348.793,131794.0,348.793
2021-12-08,351.131,370.41,344.705,344.705,256740.0,344.705
2021-12-09,334.186,355.804,328.344,355.804,159179.0,355.804
2021-12-10,344.12,344.705,317.828,321.918,427901.0,321.918
2021-12-13,263.492,263.492,263.492,263.492,29097.3,263.492
2021-12-14,226.686,229.9,222.596,222.596,2163478.0,222.596
2021-12-15,226.686,243.045,219.968,237.496,876344.0,237.496
2021-12-16,241.585,245.968,223.182,227.564,611044.0,227.564
2021-12-17,230.192,230.192,212.08,218.8,583658.0,218.8
2021-12-20,217.046,224.35,204.486,205.07,566543.0,205.07
2021-12-21,207.991,214.71,203.318,214.71,296107.0,214.71
2021-12-22,214.71,226.102,214.71,223.766,155756.0,223.766
2021-12-23,221.428,226.102,218.508,221.721,109543.0,221.721
2021-12-24,225.811,227.27,222.305,225.811,92427.0,225.811
2021-12-27,229.9,240.124,225.811,237.496,260164.0,237.496
2021-12-28,237.496,254.439,237.496,252.976,379977.0,252.976
2021-12-29,255.316,255.606,241.294,244.214,174584.0,244.214
2021-12-30,242.754,246.844,237.496,242.754,82157.4,242.754
2022-01-04,250.642,250.934,230.777,234.866,186565.0,234.866
2022-01-05,233.698,233.698,224.642,230.192,147198.0,230.192
2022-01-06,226.102,237.204,222.596,225.811,162603.0,225.811
2022-01-07,223.766,225.518,220.844,221.721,97561.8,221.721
2022-01-11,219.676,226.98,215.002,223.182,65041.1,223.182
2022-01-12,219.092,241.001,219.092,239.54,321781.0,239.54
2022-01-13,241.876,250.348,235.158,235.158,111254.0,235.158
2022-01-14,231.36,232.237,220.26,225.811,205393.0,225.811
2022-01-17,222.596,227.854,222.596,226.686,42790.1,226.686
2022-01-18,229.9,232.822,226.102,228.148,42790.1,228.148
2022-01-19,228.732,230.484,223.766,228.44,54771.4,228.44
2022-01-20,229.9,229.9,229.9,229.9,1711.61,229.9
2022-01-21,227.27,229.608,223.473,229.608,34232.1,229.608
2022-01-24,229.9,235.158,229.9,233.99,54771.4,233.99
2022-01-25,230.777,232.529,217.338,221.137,116389.0,221.137
2022-01-26,222.012,227.27,222.012,227.27,39367.0,227.27
2022-01-27,219.092,227.27,214.71,216.17,73599.1,216.17
2022-01-28,212.08,214.418,204.486,210.912,92427.0,210.912
2022-01-31,210.912,215.002,210.328,211.788,27385.7,211.788
2022-02-01,215.878,219.384,212.373,219.384,44501.8,219.384
2022-02-02,220.26,230.777,220.26,230.777,41078.7,230.777
2022-02-03,229.024,232.529,222.012,229.024,71887.7,229.024
2022-02-04,229.024,232.237,226.686,232.237,25674.0,232.237
2022-02-07,231.945,235.158,228.44,229.316,39367.0,229.316
2022-02-08,232.529,232.529,226.686,230.484,20539.3,230.484
2022-02-09,226.395,232.529,224.642,231.945,30809.0,231.945
2022-02-10,229.024,231.069,229.024,231.069,3423.21,231.069
2022-02-14,230.777,233.406,229.024,232.529,83868.8,232.529
2022-02-15,217.631,231.653,217.631,223.766,77022.4,223.766
2022-02-16,223.766,231.36,222.889,229.024,54771.4,229.024
2022-02-17,224.934,225.811,215.294,220.553,116389.0,220.553
2022-02-18,218.214,221.428,213.249,221.428,53059.8,221.428
2022-02-21,219.384,219.384,211.496,212.373,37655.4,212.373
2022-02-22,212.373,222.596,212.373,213.249,106119.0,213.249
2022-02-24,217.338,217.338,204.486,205.362,130082.0,205.362
2022-02-25,205.362,221.721,205.362,217.046,112966.0,217.046
2022-02-28,219.676,238.37,219.676,233.698,114677.0,233.698
2022-03-01,229.608,235.158,229.608,234.574,23962.4,234.574
2022-03-02,234.574,234.574,230.192,231.36,15404.5,231.36
2022-03-03,232.237,234.282,232.237,234.282,25674.0,234.282
2022-03-04,232.529,232.529,221.428,225.226,56483.1,225.226
2022-03-07,219.384,230.484,219.384,227.854,83868.8,227.854
2022-03-08,220.844,227.27,220.844,222.889,8558.05,222.889
2022-03-09,228.44,228.44,228.44,228.44,1711.61,228.44
2022-03-10,229.316,229.316,221.428,227.564,35943.7,227.564
2022-03-11,220.844,225.811,220.844,225.811,10269.6,225.811
2022-03-14,221.721,225.518,216.462,223.473,27385.7,223.473
2022-03-15,216.17,220.26,216.17,220.26,10269.6,220.26
2022-03-16,221.428,221.428,218.8,219.092,8558.05,219.092
2022-03-17,219.092,222.305,217.924,220.844,46213.4,220.844
2022-03-18,224.35,226.686,213.542,226.102,61618.0,226.102
2022-03-22,217.924,223.766,217.924,223.766,3423.21,223.766
2022-03-23,225.518,225.518,225.518,225.518,1711.61,225.518
2022-03-24,225.518,225.518,220.844,222.012,18827.7,222.012
2022-03-25,223.473,223.473,216.17,221.428,20539.3,221.428
2022-03-28,222.596,222.596,213.834,215.002,44501.8,215.002
2022-03-29,215.002,216.17,209.451,212.08,83868.8,212.08
2022-03-30,212.08,219.676,212.08,217.631,27385.7,217.631
2022-03-31,215.294,216.17,215.294,216.17,5134.83,216.17
2022-04-01,216.17,218.8,216.17,216.462,15404.5,216.462
2022-04-04,219.092,226.98,219.092,224.058,53059.8,224.058
2022-04-05,227.854,233.99,226.98,230.484,87292.1,230.484
2022-04-06,236.035,239.54,232.237,233.406,100985.0,233.406
2022-04-07,235.45,238.08,223.473,228.732,63329.5,228.732
2022-04-08,228.732,236.328,228.732,234.282,23962.4,234.282
2022-04-11,233.698,236.035,229.024,231.653,49636.7,231.653
2022-04-12,231.653,233.406,229.316,232.822,17116.1,232.822
2022-04-13,234.574,234.866,230.192,231.945,54771.4,231.945
2022-04-14,229.9,231.653,225.811,230.484,30809.0,230.484
2022-04-15,226.395,231.36,226.395,226.98,18827.7,226.98
2022-04-18,226.98,233.113,226.98,231.653,15404.5,231.653
2022-04-19,232.822,235.158,231.069,231.945,18827.7,231.945
2022-04-20,231.945,232.529,229.024,229.024,11981.2,229.024
2022-04-21,229.316,229.9,227.564,227.564,18827.7,227.564
2022-04-22,223.473,226.395,222.305,226.395,10269.6,226.395
2022-04-25,222.305,223.182,213.249,217.338,65041.1,217.338
2022-04-26,225.518,225.518,225.518,225.518,23962.4,225.518
2022-04-27,217.631,217.631,217.046,217.338,10269.6,217.338
2022-05-02,221.428,221.428,221.428,221.428,1711.61,221.428
2022-05-06,224.058,224.058,224.058,224.058,6564036.0,224.058
2022-05-09,222.889,222.889,207.114,210.328,207104.0,210.328
2022-05-10,210.328,210.328,195.722,204.486,104408.0,204.486
2022-05-11,204.486,207.991,196.598,205.946,119812.0,205.946
2022-05-13,208.576,209.16,198.644,198.935,116389.0,198.935
2022-05-16,201.856,201.856,201.856,201.856,1711.61,201.856
2022-05-17,213.834,217.924,200.396,201.564,273857.0,201.564
2022-05-18,201.564,207.114,201.564,202.44,70176.0,202.44
2022-05-19,203.609,204.193,200.98,204.193,18827.7,204.193
2022-05-20,204.778,212.957,202.149,212.957,35943.7,212.957
2022-05-23,217.046,220.844,212.373,220.26,77022.4,220.26
2022-05-24,219.676,219.676,215.586,219.092,22250.7,219.092
2022-05-25,212.08,219.092,210.62,219.092,51348.3,219.092
2022-05-26,219.092,219.092,215.294,215.586,51348.3,215.586
2022-05-27,215.586,215.878,212.665,215.878,30809.0,215.878
2022-05-30,211.263,219.443,211.263,218.39,24818.3,218.39
2022-05-31,213.716,216.17,213.716,214.884,14548.6,214.884
2022-06-01,215.236,215.236,214.884,215.12,6846.44,215.12
2022-06-02,211.731,218.39,211.731,218.39,5134.83,218.39
2022-06-03,218.508,219.092,216.17,219.092,19683.5,219.092
2022-06-06,220.143,223.182,219.208,223.182,96706.1,223.182
2022-06-07,223.182,224.233,216.288,224.233,22250.7,224.233
2022-06-08,224.35,229.374,220.26,227.854,22250.7,227.854
2022-06-09,228.44,228.44,225.752,226.804,6846.44,226.804
2022-06-10,230.075,230.192,224.35,229.024,96706.1,229.024
2022-06-13,233.581,233.581,219.91,222.596,84724.7,222.596
2022-06-14,222.596,222.596,213.834,214.184,41078.7,214.184
2022-06-15,214.184,218.975,210.561,211.731,23106.7,211.731
2022-06-16,207.056,215.002,206.94,212.665,27385.7,212.665
2022-06-17,205.07,207.991,202.149,203.434,33376.4,203.434
2022-06-20,212.781,212.781,204.018,209.744,71887.7,209.744
2022-06-21,214.418,221.896,211.613,221.896,17116.1,221.896
2022-06-22,216.17,220.611,209.626,216.521,15404.5,216.521
2022-06-23,216.521,216.521,211.846,212.198,5990.64,212.198
2022-06-24,212.198,220.844,212.198,220.844,3423.21,220.844
2022-06-27,230.192,230.192,222.012,222.012,16260.3,222.012
2022-06-28,222.012,222.012,222.012,222.012,855.805,222.012
2022-06-29,213.366,221.896,213.366,221.896,29097.3,221.896
2022-06-30,221.896,227.738,221.896,227.738,20539.3,227.738
2022-07-01,224.116,224.116,219.676,219.792,5134.83,219.792
2022-07-04,215.704,219.792,215.704,219.792,23962.4,219.792
2022-07-05,219.792,219.91,219.792,219.91,1711.61,219.91
2022-07-06,215.236,218.508,213.95,218.508,11981.2,218.508
2022-07-07,215.82,219.092,215.82,219.092,10269.6,219.092
2022-07-08,214.534,219.092,214.534,219.092,5990.64,219.092
2022-07-11,219.559,219.559,218.508,218.508,4279.01,218.508
2022-07-12,215.352,216.054,213.483,213.483,23962.4,213.483
2022-07-13,213.015,213.132,206.822,213.132,20539.3,213.132
2022-07-14,210.561,216.754,210.561,216.754,5134.83,216.754
2022-07-15,212.431,217.104,212.431,217.104,1711.61,217.104
2022-07-20,217.104,217.104,214.768,217.104,4279.01,217.104
2022-07-21,217.222,226.102,217.222,226.102,6846.44,226.102
2022-07-22,216.754,220.143,216.17,216.17,18827.7,216.17
2022-07-25,217.924,217.924,216.288,217.924,17116.1,217.924
2022-07-26,225.986,225.986,217.338,219.208,19683.5,219.208
2022-07-27,219.208,219.208,216.521,218.39,9413.85,218.39
2022-07-28,217.532,218.242,217.532,218.006,5908.1,218.006
2022-07-29,220.731,220.849,216.11,217.058,27008.4,217.058
2022-08-01,217.058,217.058,216.702,217.058,10972.1,217.058
2022-08-02,215.28,216.228,215.28,215.636,3376.04,215.636
2022-08-03,213.977,215.398,213.74,213.977,6752.1,213.977
2022-08-04,215.636,215.636,215.636,215.636,844.013,215.636
2022-08-05,215.636,217.294,214.451,215.398,8440.13,215.398
2022-08-08,214.806,218.006,214.806,215.636,10128.1,215.636
2022-08-09,215.636,215.636,215.636,215.636,12660.2,215.636
2022-08-10,215.636,215.636,213.385,213.859,5064.07,213.859
2022-08-12,215.636,215.636,215.636,215.636,1688.02,215.636
2022-08-15,216.82,216.82,213.859,214.451,11816.2,214.451
2022-08-16,213.859,214.096,213.859,214.096,1688.02,214.096
2022-08-17,216.94,216.94,214.451,214.57,3376.04,214.57
2022-08-18,213.266,216.82,209.712,216.82,26164.2,216.82
2022-08-19,217.413,218.598,215.992,215.992,15192.2,215.992
2022-08-22,214.806,215.28,214.806,215.28,3376.04,215.28
2022-08-23,214.806,214.806,214.806,214.806,844.013,214.806
2022-08-24,218.479,218.479,218.479,218.479,7596.13,218.479
2022-08-25,218.598,219.427,218.479,219.427,7596.13,219.427
2022-08-26,227.366,227.366,220.731,225.114,37980.6,225.114
2022-08-29,225.114,229.616,224.996,229.616,68365.1,229.616
2022-08-30,229.616,229.616,228.076,229.498,5908.1,229.498
2022-08-31,228.314,230.802,228.314,228.432,10128.1,228.432
2022-09-01,229.261,235.186,229.261,235.186,31228.4,235.186
2022-09-02,231.394,235.304,231.038,231.038,10128.1,231.038
2022-09-05,226.654,232.46,226.654,232.46,5908.1,232.46
2022-09-06,228.195,234.83,228.195,234.474,29540.4,234.474
2022-09-07,231.038,233.171,231.038,232.934,10128.1,232.934
2022-09-08,234.237,255.329,234.237,239.806,57392.9,239.806
2022-09-09,245.73,261.843,241.821,261.843,135886.0,261.843
2022-09-12,291.464,291.464,267.532,284.119,293715.0,284.119
2022-09-13,278.192,283.762,268.714,268.714,124914.0,268.714
2022-09-14,262.792,262.792,256.632,261.843,14348.2,261.843
2022-09-15,267.768,269.783,259.117,259.117,18568.3,259.117
2022-09-16,255.919,256.868,249.995,256.512,21100.3,256.512
2022-09-20,256.512,256.632,241.227,243.004,66677.1,243.004
2022-09-21,239.687,239.687,235.304,235.304,25320.3,235.304
2022-09-22,239.687,240.043,236.962,240.043,11816.2,240.043
2022-09-26,243.242,243.242,240.635,240.753,9284.16,240.753
2022-09-29,237.318,237.318,237.318,237.318,844.013,237.318
2022-09-30,233.526,247.389,233.526,247.389,75961.3,247.389
2022-10-03,248.692,254.024,248.692,254.024,17724.3,254.024
2022-10-04,259.117,259.117,245.256,256.868,30384.5,256.868
2022-10-05,250.944,266.7,250.944,260.896,29540.4,260.896
2022-10-06,269.426,270.255,265.398,265.398,7596.13,265.398
2022-10-07,259.592,269.662,259.592,265.28,13504.2,265.28
2022-10-11,265.28,265.99,265.28,265.99,2532.03,265.99
2022-10-12,260.896,260.896,259.592,259.592,3376.04,259.592
2022-10-13,260.658,260.658,259.592,259.592,1688.02,259.592
2022-10-14,260.658,262.082,257.106,262.082,8440.13,262.082
2022-10-17,260.658,260.896,260.658,260.896,1688.02,260.896
2022-10-18,260.658,265.398,258.645,265.398,5908.1,265.398
2022-10-19,265.398,265.398,260.778,263.859,6752.1,263.859
2022-10-20,265.636,265.99,264.805,264.805,8440.13,264.805
2022-10-21,261.25,262.436,261.25,261.725,5908.1,261.725
2022-10-24,258.763,260.658,258.763,259.002,16880.2,259.002
2022-10-25,259.002,260.305,254.854,259.71,8440.13,259.71
2022-10-26,263.146,263.146,263.146,263.146,7596.13,263.146
2022-10-28,259.83,259.83,254.734,258.884,11816.2,258.884
2022-10-31,258.288,258.288,258.288,258.288,4220.06,258.288
2022-11-01,260.896,260.896,260.896,260.896,5064.07,260.896
2022-11-04,254.972,260.54,254.972,260.54,67521.0,260.54
2022-11-08,260.54,260.54,260.54,260.54,844.013,260.54
2022-11-09,261.725,261.725,255.444,259.83,8440.13,259.83
2022-11-10,253.903,260.066,253.903,254.854,20256.3,254.854
2022-11-11,254.854,259.235,254.854,254.854,9284.16,254.854
2022-11-14,254.38,254.38,254.38,254.38,3376.04,254.38
2022-11-15,271.204,271.204,261.25,265.398,80181.3,265.398
2022-11-16,269.783,270.019,263.738,266.582,13504.2,266.582
2022-11-17,265.516,272.268,265.516,270.848,16880.2,270.848
2022-11-18,268.952,270.612,268.952,269.308,8440.13,269.308
2022-11-21,270.491,270.73,268.952,270.73,9284.16,270.73
2022-11-22,267.768,270.019,267.768,270.019,1688.02,270.019
2022-11-24,270.73,275.94,270.14,274.284,41356.7,274.284
2022-11-25,274.402,274.402,266.582,271.56,22788.3,271.56
2022-11-28,278.431,278.431,266.582,272.268,21100.3,272.268
2022-11-29,267.532,277.718,267.532,277.718,7596.13,277.718
2022-11-30,277.718,281.986,277.246,279.616,5908.1,279.616
2022-12-01,274.164,303.076,274.164,298.334,51484.8,298.334
2022-12-02,307.341,312.791,296.675,305.68,69631.1,305.68
2022-12-05,305.68,305.68,296.203,304.258,48530.8,304.258
2022-12-06,303.312,309.0,289.094,289.094,65833.2,289.094
2022-12-07,293.123,300.704,291.464,300.23,73007.2,300.23
2022-12-08,304.022,304.022,290.518,295.493,76383.3,295.493
2022-12-09,294.544,295.493,272.506,281.275,93263.6,281.275
2022-12-12,292.413,298.809,287.435,294.072,93685.5,294.072
2022-12-13,273.217,279.38,271.796,272.742,155298.0,272.742
2022-12-14,271.796,272.034,266.582,270.14,54016.8,270.14
2022-12-15,270.612,274.164,268.006,268.478,13082.2,268.478
2022-12-16,268.242,271.56,260.896,271.56,19412.3,271.56
2022-12-19,271.322,271.322,260.422,263.028,23632.3,263.028
2022-12-20,265.398,268.952,232.224,237.436,110987.0,237.436
2022-12-21,242.174,246.202,235.067,236.726,22788.3,236.726
2022-12-22,236.726,237.436,234.356,237.436,11816.2,237.436
2022-12-23,236.726,247.389,236.726,247.389,112675.0,247.389
2022-12-26,261.607,262.318,238.622,239.332,67099.1,239.332
2022-12-27,239.096,251.89,239.096,245.968,14348.2,245.968
2022-12-28,240.043,241.227,234.119,234.593,64567.0,234.593
2022-12-29,238.148,238.148,233.645,237.674,15192.2,237.674
2022-12-30,238.148,240.28,238.148,238.384,3798.06,238.384
2023-01-04,245.494,247.389,237.91,243.834,14770.2,243.834
2023-01-05,238.858,244.072,238.858,240.043,8018.13,240.043
2023-01-06,241.465,241.465,237.674,237.674,10128.1,237.674
2023-01-10,237.91,237.91,236.014,236.726,11394.1,236.726
2023-01-11,236.726,242.413,234.83,240.043,18146.3,240.043
2023-01-12,243.124,243.36,239.332,240.517,9284.16,240.517
2023-01-13,241.701,255.208,240.991,245.73,18568.3,245.73
2023-01-16,243.598,249.995,239.332,244.308,17724.3,244.308
2023-01-17,250.705,250.705,242.886,246.44,13504.2,246.44
2023-01-18,246.44,250.705,246.44,246.914,2110.03,246.914
2023-01-19,246.914,246.914,241.465,245.968,5908.1,245.968
2023-01-20,248.81,274.164,248.81,265.872,83557.4,265.872
2023-01-23,268.478,272.268,265.636,265.636,31650.5,265.636
2023-01-24,270.612,270.612,261.843,270.373,15614.2,270.373
2023-01-25,268.478,272.034,267.057,268.952,20256.3,268.952
2023-01-26,274.876,274.876,249.995,265.398,35026.6,265.398
2023-01-27,258.288,260.422,253.55,254.734,41778.6,254.734
2023-01-30,254.734,266.11,254.734,261.843,21100.3,261.843
2023-01-31,258.052,262.556,258.052,262.556,3376.04,262.556
2023-02-01,267.532,267.532,261.132,267.057,16880.2,267.057
2023-02-02,260.184,267.293,260.184,267.293,12238.2,267.293
2023-02-03,260.184,267.532,257.34,260.896,14770.2,260.896
2023-02-06,268.006,268.006,255.919,267.532,22788.3,267.532
2023-02-07,267.057,267.057,259.948,263.028,5064.07,263.028
2023-02-08,262.792,267.057,260.422,267.057,16036.2,267.057
2023-02-09,267.057,267.057,261.607,264.451,3798.06,264.451
2023-02-10,265.398,267.057,260.896,262.318,11394.1,262.318
2023-02-13,262.318,262.556,260.896,262.556,3376.04,262.556
2023-02-14,261.843,261.843,257.814,258.288,8440.13,258.288
2023-02-15,258.288,258.288,254.26,256.632,4220.06,256.632
2023-02-16,259.948,259.948,259.948,259.948,844.013,259.948
2023-02-17,258.288,258.527,257.814,257.814,2954.04,257.814
2023-02-20,259.235,259.235,255.919,258.288,7596.13,258.288
2023-02-21,258.288,258.288,242.174,251.18,8862.16,251.18
2023-02-22,248.81,250.231,248.336,250.231,10550.1,250.231
2023-02-24,248.574,257.106,247.153,257.106,17724.3,257.106
2023-02-27,265.636,265.636,257.34,260.658,21944.2,260.658
2023-02-28,258.288,268.478,258.288,267.532,18146.3,267.532
2023-03-01,264.213,264.687,263.028,264.687,4220.06,264.687
2023-03-02,264.687,264.687,262.556,263.264,3376.04,263.264
2023-03-03,264.213,264.213,260.896,263.264,7596.13,263.264
2023-03-06,264.923,266.818,264.923,266.582,13082.2,266.582
2023-03-07,265.159,270.14,263.977,270.14,30806.3,270.14
2023-03-08,271.086,274.876,270.14,274.876,23210.2,274.876
2023-03-09,276.297,281.511,272.981,281.511,75117.3,281.511
2023-03-10,281.511,281.511,273.456,274.876,29540.4,274.876
2023-03-13,284.355,289.094,266.582,289.094,221554.0,289.094
2023-03-14,286.724,286.724,275.114,280.8,25742.4,280.8
2023-03-15,284.119,284.119,273.692,280.564,15614.2,280.564
2023-03-16,265.398,279.616,263.977,268.478,29118.5,268.478
2023-03-17,268.006,268.714,268.006,268.714,4642.07,268.714
2023-03-20,268.714,270.848,263.977,264.687,15614.2,264.687
2023-03-22,265.398,268.714,265.398,268.714,2110.03,268.714
2023-03-23,267.768,267.768,265.398,266.346,2954.04,266.346
2023-03-24,271.796,272.506,267.768,272.506,8862.16,272.506
2023-03-27,284.119,284.119,268.006,276.297,61612.9,276.297
2023-03-28,275.114,279.38,272.506,274.876,18568.3,274.876
2023-03-29,273.692,273.692,266.818,272.034,31650.5,272.034
2023-03-30,272.268,272.268,269.188,271.086,8862.16,271.086
2023-03-31,272.981,276.297,269.901,275.114,10972.1,275.114
2023-04-03,275.114,282.46,275.114,275.825,9284.16,275.825
2023-04-04,275.825,278.905,275.589,278.666,13504.2,278.666
2023-04-05,275.114,278.905,275.114,276.061,8862.16,276.061
2023-04-06,278.431,278.431,277.01,277.246,5064.07,277.246
2023-04-07,273.93,276.772,273.692,276.297,13082.2,276.297
2023-04-10,277.01,277.484,272.506,273.456,8440.13,273.456
2023-04-11,277.01,277.01,277.01,277.01,844.013,277.01
2023-04-12,277.01,277.246,261.843,276.536,17724.3,276.536
2023-04-13,272.268,272.268,268.006,271.796,1688.02,271.796
2023-04-14,270.14,270.14,270.14,270.14,2110.03,270.14
2023-04-17,265.398,270.848,265.398,270.848,11816.2,270.848
2023-04-18,267.293,270.14,266.818,269.901,8440.13,269.901
2023-04-19,269.662,271.086,267.768,270.14,16880.2,270.14
2023-04-20,267.293,276.536,267.293,272.268,11816.2,272.268
2023-04-21,272.506,272.506,268.006,268.006,14770.2,268.006
2023-04-24,269.901,273.93,269.662,271.086,7174.12,271.086
2023-04-25,273.692,273.692,271.796,272.034,29118.5,272.034
2023-04-26,279.616,279.616,272.034,274.876,24054.3,274.876
2023-04-28,276.772,276.772,268.006,272.268,12660.2,272.268
2023-05-01,272.268,273.456,269.188,271.086,17724.3,271.086
2023-05-02,276.297,276.772,272.981,276.061,8018.13,276.061
2023-05-08,284.355,284.355,276.772,282.696,30806.3,282.696
2023-05-09,281.039,283.88,280.564,283.642,13504.2,283.642
2023-05-10,283.642,283.88,281.275,283.642,13926.2,283.642
2023-05-11,281.986,284.119,280.564,284.119,14348.2,284.119
2023-05-12,282.46,283.88,269.662,279.616,20678.2,279.616
2023-05-15,284.119,284.355,280.09,284.355,20678.2,284.355
2023-05-16,283.17,286.488,281.275,285.54,8018.13,285.54
2023-05-17,286.724,286.724,276.061,279.852,9284.16,279.852
2023-05-18,284.119,285.54,281.039,282.46,10128.1,282.46
2023-05-19,281.039,285.302,279.616,285.302,12238.2,285.302
2023-05-22,278.192,284.355,278.192,284.355,13082.2,284.355
2023-05-23,285.302,285.302,282.46,284.83,5486.09,284.83
2023-05-24,284.83,284.83,281.511,281.986,4220.06,281.986
2023-05-25,282.696,286.724,282.696,286.724,17302.3,286.724
2023-05-26,288.146,304.022,285.302,301.178,46420.7,301.178
2023-05-29,303.076,303.076,295.968,299.284,19412.3,299.284
2023-05-30,298.334,298.334,293.834,293.834,12660.2,293.834
2023-05-31,291.464,292.413,286.25,286.25,15192.2,286.25
2023-06-01,287.91,289.094,284.594,289.094,15192.2,289.094
2023-06-02,289.094,299.994,288.622,299.994,15192.2,299.994
2023-06-05,299.758,299.758,294.544,297.388,9706.16,297.388
2023-06-06,291.464,299.758,291.226,296.439,48108.7,296.439
2023-06-07,300.23,307.813,299.994,306.866,42200.6,306.866
2023-06-08,308.052,314.45,300.942,301.889,56970.8,301.889
2023-06-09,309.472,355.445,309.472,344.779,227039.0,344.779
2023-06-12,295.018,300.942,284.83,291.7,400061.0,291.7
2023-06-13,291.7,292.646,281.039,281.986,151500.0,281.986
2023-06-14,281.986,286.25,274.876,286.25,75117.3,286.25
2023-06-15,286.25,286.25,279.38,280.326,32916.5,280.326
2023-06-16,279.616,287.91,279.616,286.724,36292.6,286.724
2023-06-19,286.724,287.91,279.616,283.406,49796.8,283.406
2023-06-20,281.986,288.856,281.986,287.671,17724.3,287.671
2023-06-21,288.384,288.384,284.83,286.014,20678.2,286.014
2023-06-22,285.54,286.724,282.696,282.696,20256.3,282.696
2023-06-23,285.776,285.776,282.696,284.355,16880.2,284.355
2023-06-26,288.384,288.384,281.986,281.986,19834.3,281.986
2023-06-27,283.88,286.25,279.616,279.616,29118.5,279.616
2023-06-28,281.039,285.068,273.93,279.616,44732.6,279.616
2023-06-29,280.8,280.8,275.35,280.09,21522.2,280.09
2023-06-30,281.039,285.302,277.484,279.616,24898.3,279.616
2023-07-03,279.616,285.302,279.616,283.642,29962.4,283.642
2023-07-04,285.302,288.146,283.88,286.25,13926.2,286.25
2023-07-05,284.594,288.146,284.594,288.146,18146.3,288.146
2023-07-06,288.146,289.33,286.724,289.094,9284.16,289.094
2023-07-07,287.91,289.33,286.96,288.622,3376.04,288.622
2023-07-10,289.094,290.751,287.91,287.91,7174.12,287.91
2023-07-11,287.91,287.91,282.221,282.221,11816.2,282.221
2023-07-12,282.46,286.014,282.46,282.696,11394.1,282.696
2023-07-13,282.696,283.88,282.696,283.406,6330.1,283.406
2023-07-14,283.88,283.88,283.88,283.88,2110.03,283.88
2023-07-18,284.355,292.413,284.355,285.776,37558.5,285.776
2023-07-19,291.464,292.884,288.384,291.938,16458.2,291.938
2023-07-20,295.018,299.994,292.884,299.994,29118.5,299.994
2023-07-21,299.758,299.758,294.78,295.729,8018.13,295.729
2023-07-24,297.15,297.15,293.834,296.203,6330.1,296.203
2023-07-25,295.254,296.439,294.308,295.018,6752.1,295.018
2023-07-26,295.968,295.968,289.33,291.226,12238.2,291.226
2023-07-27,293.359,297.388,291.7,297.388,3798.06,297.388
2023-07-28,288.61,292.939,288.369,291.014,36589.1,291.014
2023-07-31,290.053,291.975,289.09,289.09,7068.37,289.09
2023-08-01,291.014,291.014,287.646,289.812,13305.1,289.812
2023-08-02,290.053,290.053,282.356,286.444,67773.2,286.444
2023-08-03,286.444,288.128,284.04,286.204,73594.3,286.204
2023-08-04,286.204,288.61,285.242,286.204,31599.6,286.204
2023-08-07,286.204,287.167,285.724,286.204,16631.4,286.204
2023-08-08,286.204,286.444,285.724,285.962,2078.93,285.962
2023-08-09,285.002,286.926,283.558,286.926,2910.49,286.926
2023-08-10,288.369,288.61,288.369,288.61,2910.49,288.61
2023-08-14,288.61,292.939,288.61,290.053,14136.7,290.053
2023-08-15,290.294,295.102,289.812,289.812,14136.7,289.812
2023-08-16,288.61,288.61,284.76,288.128,8731.51,288.128
2023-08-17,289.812,289.812,286.444,286.444,831.573,286.444
2023-08-18,285.724,287.646,285.724,287.646,2494.71,287.646
2023-08-21,289.571,291.737,286.686,291.737,3742.06,291.737
2023-08-22,291.737,291.737,287.888,291.737,11226.2,291.737
2023-08-23,291.496,291.496,286.926,288.61,6652.58,288.61
2023-08-24,291.496,291.496,288.61,289.571,8315.73,289.571
2023-08-25,288.128,293.42,288.128,290.294,9147.31,290.294
2023-08-28,294.382,300.636,288.61,296.066,65694.2,296.066
2023-08-29,293.659,296.066,287.408,291.496,35757.6,291.496
2023-08-30,292.216,292.216,287.167,289.33,55715.2,289.33
2023-08-31,290.532,294.382,290.532,291.255,12057.8,291.255
2023-09-01,291.014,297.988,290.773,291.255,22868.1,291.255
2023-09-04,287.646,293.18,287.646,291.496,102699.0,291.496
2023-09-05,291.975,292.216,290.532,291.014,24115.6,291.014
2023-09-06,294.622,297.268,292.698,293.9,88562.6,293.9
2023-09-07,297.508,305.684,293.9,304.242,139704.0,304.242
2023-09-08,304.242,312.179,301.356,307.85,127646.0,307.85
2023-09-11,280.914,281.874,241.229,251.091,1235302.0,251.091
2023-09-12,255.42,255.9,249.166,253.495,276912.0,253.495
2023-09-13,254.218,256.622,250.128,254.938,108936.0,254.938
2023-09-14,256.863,256.863,245.318,252.534,139704.0,252.534
2023-09-15,253.254,254.218,252.534,253.254,28273.3,253.254
2023-09-19,253.254,254.456,247.964,250.368,77752.0,250.368
2023-09-20,251.812,251.812,239.786,244.356,178372.0,244.356
2023-09-21,246.04,250.368,246.04,249.648,52804.7,249.648
2023-09-22,250.85,262.876,247.724,262.876,171304.0,262.876
2023-09-25,263.355,263.355,252.772,263.355,69852.0,263.355
2023-09-26,263.116,263.596,253.977,258.785,44904.9,258.785
2023-09-27,255.42,259.748,255.42,258.785,4573.64,258.785
2023-09-28,259.99,259.99,257.342,258.785,14136.7,258.785
2023-09-29,259.508,264.798,257.583,263.116,75257.3,263.116
2023-10-02,263.116,264.078,258.546,260.71,7068.37,260.71
2023-10-03,257.824,257.824,240.748,254.938,41578.6,254.938
2023-10-04,247.964,250.128,243.634,244.356,24947.1,244.356
2023-10-05,244.836,249.886,244.836,248.684,17878.8,248.684
2023-10-06,248.926,251.812,246.522,248.444,29104.9,248.444
2023-10-10,248.926,249.408,244.356,247.242,29520.8,247.242
2023-10-11,251.812,251.812,250.85,251.812,15799.8,251.812
2023-10-12,249.886,252.052,248.444,249.408,15799.8,249.408
2023-10-13,250.128,250.128,246.76,247.964,13720.9,247.964
2023-10-16,247.482,250.128,247.482,248.684,14136.7,248.684
2023-10-17,248.926,253.254,248.926,251.33,16215.6,251.33
2023-10-18,247.724,250.85,245.558,250.128,14552.5,250.128
2023-10-19,250.128,250.128,248.444,248.444,7484.15,248.444
2023-10-20,251.57,253.014,247.482,253.014,21205.0,253.014
2023-10-23,250.128,259.026,250.128,255.179,27857.6,255.179
2023-10-24,255.179,256.14,250.61,254.938,12473.6,254.938
2023-10-25,252.534,256.863,252.052,256.381,17878.8,256.381
2023-10-26,259.026,259.026,248.203,254.218,19957.7,254.218
2023-10-27,250.128,254.938,250.128,254.697,3326.29,254.697
2023-10-30,261.674,261.674,254.456,254.456,44904.9,254.456
2023-10-31,249.166,257.342,248.444,256.14,6236.8,256.14
2023-11-01,252.772,252.772,247.964,250.368,15384.1,250.368
2023-11-02,249.648,255.42,249.648,252.293,10394.6,252.293
2023-11-06,252.534,257.342,251.812,257.104,24947.1,257.104
2023-11-07,255.42,256.863,254.218,254.938,14968.3,254.938
2023-11-08,255.661,255.661,252.772,254.938,4573.64,254.938
2023-11-09,254.938,254.938,251.812,253.495,15384.1,253.495
2023-11-10,254.218,254.218,251.57,252.772,2494.71,252.772
2023-11-13,254.697,254.697,248.444,254.456,7484.15,254.456
2023-11-14,254.697,254.697,251.33,252.534,14968.3,252.534
2023-11-15,253.736,255.179,253.254,253.254,6236.8,253.254
2023-11-16,255.42,255.42,251.57,252.293,11642.0,252.293
2023-11-17,252.534,261.674,250.368,253.014,35757.6,253.014
2023-11-20,256.863,259.508,254.697,259.508,34094.4,259.508
2023-11-21,259.748,260.951,257.342,258.065,15384.1,258.065
2023-11-22,258.785,258.785,256.863,257.342,8731.51,257.342
2023-11-24,259.748,262.153,259.267,262.153,20789.3,262.153
2023-11-27,267.924,267.924,262.394,263.836,25362.8,263.836
2023-11-28,257.824,262.876,257.824,262.876,4157.86,262.876
2023-11-29,260.951,271.774,259.508,270.572,39083.9,270.572
2023-11-30,272.015,272.494,269.608,272.015,8731.51,272.015
2023-12-01,269.129,271.292,267.445,267.445,12473.6,267.445
2023-12-04,267.445,271.052,267.445,270.09,7899.93,270.09
2023-12-05,270.09,273.937,267.204,269.85,37004.9,269.85
2023-12-06,270.813,285.242,269.85,283.558,148020.0,283.558
2023-12-07,278.989,280.672,274.66,280.672,21620.8,280.672
2023-12-08,280.191,280.191,269.368,271.774,14968.3,271.774
2023-12-11,253.014,256.14,247.964,247.964,98125.6,247.964
2023-12-12,247.964,254.697,247.964,248.684,51973.2,248.684
2023-12-13,245.318,249.648,245.078,247.0,45320.7,247.0
2023-12-14,245.318,249.886,245.318,247.964,22036.6,247.964
2023-12-15,244.836,247.724,243.875,243.875,57378.5,243.875
2023-12-18,243.153,245.318,241.95,243.153,23699.8,243.153
2023-12-19,243.153,248.684,242.913,242.913,17463.0,242.913
2023-12-20,243.153,248.444,243.153,245.078,9563.09,245.078
2023-12-21,245.318,247.482,245.078,245.799,4157.86,245.799
2023-12-22,247.964,249.648,247.964,248.926,13720.9,248.926
2023-12-25,247.964,247.964,240.508,243.153,89809.8,243.153
2023-12-26,248.926,248.926,243.394,243.634,63615.2,243.634
2023-12-27,242.192,243.394,241.95,242.432,47815.4,242.432
2023-12-28,242.913,244.356,241.71,244.356,4573.64,244.356
2023-12-29,246.76,246.76,244.116,244.116,2910.49,244.116
2024-01-04,244.116,250.128,244.116,247.482,22452.3,247.482
2024-01-05,250.128,250.368,247.724,248.684,14136.7,248.684
2024-01-09,250.368,252.293,249.886,251.33,6652.58,251.33
2024-01-10,253.736,254.456,248.444,249.886,18710.4,249.886
2024-01-11,250.61,253.977,250.368,250.368,13305.1,250.368
2024-01-12,248.684,250.128,246.04,246.522,56131.2,246.522
2024-01-15,246.76,246.76,245.799,246.28,12889.3,246.28
2024-01-16,248.684,248.684,246.28,246.522,12889.3,246.522
2024-01-17,248.444,248.444,245.318,245.799,16631.4,245.799
2024-01-18,246.04,252.534,246.04,251.33,31599.6,251.33
2024-01-19,251.33,252.772,249.648,249.648,10394.6,249.648
2024-01-22,250.128,250.368,245.318,246.76,33262.9,246.76
2024-01-23,247.724,248.444,247.0,247.0,11226.2,247.0
2024-01-24,247.482,249.886,246.28,246.28,14136.7,246.28
2024-01-25,247.724,247.964,246.76,247.724,11642.0,247.724
2024-01-26,248.684,248.684,245.078,245.318,24947.1,245.318
2024-01-29,245.558,247.0,244.836,245.078,34925.9,245.078
2024-01-30,245.078,252.052,245.078,248.203,49062.7,248.203
2024-01-31,247.964,247.964,246.04,247.724,4157.86,247.724
2024-02-01,247.724,247.724,245.799,246.522,13305.1,246.522
2024-02-02,245.318,246.28,245.078,245.078,28273.3,245.078
2024-02-05,244.836,245.078,243.153,245.078,37836.4,245.078
2024-02-06,244.836,244.836,243.394,243.394,10394.6,243.394
2024-02-07,242.672,243.634,240.989,240.989,36589.1,240.989
2024-02-08,241.229,246.28,241.229,244.116,31183.9,244.116
2024-02-09,241.47,244.356,241.47,241.95,13305.1,241.95
2024-02-13,241.95,242.672,241.47,241.47,8731.51,241.47
2024-02-14,241.47,241.47,228.482,230.166,74010.0,230.166
2024-02-15,229.204,229.204,216.698,219.584,109351.0,219.584
2024-02-16,219.824,221.748,219.343,220.064,58210.0,220.064
2024-02-19,222.47,223.672,220.064,221.988,37836.4,221.988
2024-02-20,222.95,228.964,222.95,225.116,44073.2,225.116
2024-02-21,225.116,226.558,222.47,222.71,39083.9,222.71
2024-02-22,224.394,225.356,221.267,221.267,19957.7,221.267
2024-02-26,222.71,222.71,219.102,221.748,49062.7,221.748
2024-02-27,221.748,223.672,219.584,220.305,38252.4,220.305
2024-02-28,220.305,221.027,217.178,217.9,216623.0,217.9
2024-02-29,220.546,221.748,218.381,219.824,114757.0,219.824
2024-03-01,218.862,220.546,218.14,218.14,44904.9,218.14
2024-03-04,219.343,220.064,215.254,215.495,311007.0,215.495
2024-03-05,215.976,219.343,215.254,217.419,34925.9,217.419
2024-03-06,216.938,220.546,216.938,219.824,39915.4,219.824
2024-03-07,221.027,222.47,219.343,219.584,41578.6,219.584
2024-03-08,220.786,223.672,219.584,219.584,73594.3,219.584
2024-03-11,221.027,224.875,220.064,224.394,92720.4,224.394
2024-03-12,223.672,223.672,220.546,220.546,22452.3,220.546
2024-03-13,223.672,225.116,221.508,221.508,14552.5,221.508
2024-03-14,220.786,223.672,220.064,220.546,17047.2,220.546
2024-03-15,220.305,223.191,220.305,221.508,11642.0,221.508
2024-03-18,222.71,232.33,222.71,231.368,56546.9,231.368
2024-03-19,233.052,250.368,232.812,239.786,47815.4,239.786
2024-03-21,249.886,253.014,243.875,248.203,73178.3,248.203
2024-03-22,248.203,248.684,244.836,245.558,33678.6,245.558
2024-03-25,247.724,249.408,241.95,247.724,23699.8,247.724
2024-03-26,248.444,248.444,246.04,247.0,17047.2,247.0
2024-03-27,248.684,251.091,247.242,247.482,16215.6,247.482
2024-03-28,248.684,248.926,246.28,246.28,10810.4,246.28
2024-03-29,246.04,256.381,246.04,253.736,32431.3,253.736
2024-04-01,258.546,265.762,257.342,262.394,68189.0,262.394
2024-04-02,263.355,263.355,258.546,260.469,35341.8,260.469
2024-04-03,260.469,273.458,259.026,273.458,85236.1,273.458
2024-04-04,267.445,275.142,267.445,272.735,71931.0,272.735
2024-04-05,267.924,270.331,253.014,253.977,68189.0,253.977
2024-04-08,255.179,265.28,254.456,259.99,34925.9,259.99
2024-04-09,267.204,273.937,267.204,273.937,35757.6,273.937
2024-04-10,273.937,277.546,258.546,274.419,129725.0,274.419
2024-04-11,270.09,281.154,269.368,276.103,40746.9,276.103
2024-04-12,276.103,288.128,275.621,284.04,55715.2,284.04
2024-04-15,287.408,288.61,281.393,282.356,26610.3,282.356
2024-04-16,282.116,286.204,280.191,280.191,10394.6,280.191
2024-04-17,278.507,286.926,267.204,270.09,41994.4,270.09
2024-04-18,270.09,276.584,268.166,273.699,22868.1,273.699
2024-04-19,274.178,276.344,262.153,265.038,40746.9,265.038
2024-04-22,263.596,276.584,263.596,273.937,15384.1,273.937
2024-04-23,274.178,275.862,272.256,275.862,10394.6,275.862
2024-04-24,277.064,284.76,277.064,280.914,31183.9,280.914
2024-04-25,280.914,282.116,271.774,275.621,29936.6,275.621
2024-04-26,284.76,285.002,276.826,282.598,47815.4,282.598
2024-04-30,275.621,282.598,272.735,278.748,29104.9,278.748
2024-05-01,281.634,281.634,272.015,276.344,23283.8,276.344
2024-05-02,275.862,278.507,273.699,275.621,4989.42,275.621
2024-05-07,278.989,283.558,278.989,279.712,13305.1,279.712
2024-05-08,283.558,284.281,279.95,283.076,16631.4,283.076
2024-05-09,283.076,285.483,281.393,285.002,11642.0,285.002
2024-05-10,285.962,285.962,281.874,284.76,5405.22,284.76
2024-05-13,281.393,287.167,281.393,282.356,23283.8,282.356
2024-05-14,281.874,282.116,274.178,282.116,41578.6,282.116
2024-05-15,280.914,281.634,276.584,279.712,24115.6,279.712
2024-05-16,279.712,285.242,279.712,282.116,25362.8,282.116
2024-05-17,280.672,294.622,280.672,292.216,36589.1,292.216
2024-05-20,293.42,298.229,292.698,292.698,21620.8,292.698
2024-05-21,297.026,297.026,291.014,294.141,16631.4,294.141
2024-05-22,293.42,293.42,282.838,286.926,35341.8,286.926
2024-05-23,286.204,286.204,266.964,274.419,36589.1,274.419
2024-05-24,270.572,272.256,257.824,272.256,41162.7,272.256
2024-05-27,273.458,273.458,260.23,269.129,45736.4,269.129
2024-05-28,261.912,266.964,258.785,263.355,32015.4,263.355
2024-05-29,263.116,266.964,263.116,263.596,16215.6,263.596
2024-05-30,260.469,265.762,260.469,265.52,19541.9,265.52
2024-05-31,265.28,270.572,264.56,270.331,11226.2,270.331
2024-06-03,274.178,275.862,269.608,273.937,74425.8,273.937
2024-06-04,273.937,278.748,267.686,278.748,22036.6,278.748
2024-06-05,278.507,282.116,275.621,280.191,19126.2,280.191
2024-06-06,280.191,280.914,269.129,278.989,20789.3,278.989
2024-06-07,278.989,284.76,273.458,274.419,49478.4,274.419
2024-06-10,278.507,299.434,276.584,287.646,159662.0,287.646
2024-06-11,293.42,300.636,282.838,300.636,96878.1,300.636
2024-06-12,300.636,300.636,288.61,300.636,18710.4,300.636
2024-06-13,300.394,311.218,296.066,311.218,29520.8,311.218
2024-06-14,311.458,311.458,304.242,307.609,34094.4,307.609
2024-06-17,309.774,320.116,307.85,312.66,57378.5,312.66
2024-06-18,319.876,322.28,315.306,317.71,54467.9,317.71
2024-06-19,315.306,344.167,312.902,343.206,130557.0,343.206
2024-06-20,325.166,336.711,322.28,331.66,84404.6,331.66
2024-06-21,335.988,335.988,313.381,315.306,101451.0,315.306
2024-06-24,318.674,318.674,310.254,310.495,54052.2,310.495
2024-06-25,310.495,322.52,310.495,320.836,21620.8,320.836
2024-06-26,323.484,323.484,313.14,321.559,24115.6,321.559
2024-06-27,321.559,323.484,316.028,318.914,21205.0,318.914
2024-06-28,318.432,329.014,318.432,321.078,24115.6,321.078
2024-07-01,328.054,328.054,307.609,309.774,56131.2,309.774
2024-07-02,309.534,313.14,308.091,310.736,26610.3,310.736
2024-07-03,310.736,310.736,292.457,301.596,44489.1,301.596
2024-07-04,301.596,303.762,297.026,300.636,37420.6,300.636
2024-07-05,300.394,307.85,300.394,307.85,15799.8,307.85
2024-07-08,308.091,324.686,307.85,317.471,21620.8,317.471
2024-07-09,317.471,351.14,310.254,322.28,85236.1,322.28
2024-07-10,322.28,325.166,315.306,318.432,23699.8,318.432
2024-07-11,319.152,327.331,318.914,326.37,25362.8,326.37
2024-07-12,324.204,347.534,322.761,336.47,53636.4,336.47
2024-07-16,336.47,352.824,331.178,333.344,44073.2,333.344
2024-07-17,336.711,338.874,322.52,336.711,22868.1,336.711
2024-07-18,335.748,335.748,323.243,323.243,13720.9,323.243
2024-07-19,322.761,322.761,312.66,313.862,22036.6,313.862
2024-07-22,309.774,313.622,305.684,307.85,21205.0,307.85
2024-07-23,307.85,316.266,307.85,316.266,4989.42,316.266
2024-07-24,315.064,319.152,309.774,310.016,4989.42,310.016
2024-07-25,309.052,315.064,308.091,315.064,9563.09,315.064
2024-07-26,316.028,324.204,315.546,324.204,20373.3,324.204
2024-07-29,396.356,396.356,339.116,342.483,643638.0,342.483
2024-07-30,339.472,367.249,336.522,359.137,260357.0,359.137
2024-07-31,359.137,361.35,346.6,360.858,65496.1,360.858
2024-08-01,367.74,367.74,344.142,344.88,44748.9,344.88
2024-08-02,337.505,343.65,319.56,327.672,182250.0,327.672
2024-08-05,295.716,307.762,254.174,270.398,163537.0,270.398
2024-08-06,263.023,295.225,263.023,291.046,86243.4,291.046
2024-08-07,270.398,302.845,270.398,302.354,50037.4,302.354
2024-08-08,294.979,330.131,285.392,312.432,25222.1,312.432
2024-08-09,311.694,326.444,290.8,298.174,30103.8,298.174
2024-08-13,311.94,328.164,302.354,328.164,21560.8,328.164
2024-08-14,335.538,339.964,326.198,335.293,32951.4,335.293
2024-08-15,336.768,344.142,333.08,344.142,13831.4,344.142
2024-08-16,344.142,347.83,331.852,346.6,34578.7,346.6
2024-08-19,352.746,354.466,341.684,354.466,39053.6,354.466
2024-08-20,356.433,363.808,356.433,360.12,28069.7,360.12
2024-08-21,360.12,368.724,347.83,366.02,43935.3,366.02
2024-08-22,378.556,378.556,359.137,368.232,41087.6,368.232
2024-08-23,368.724,368.97,362.824,368.724,9763.4,368.724
2024-08-26,377.328,377.328,361.595,367.986,17492.7,367.986
2024-08-27,368.724,382.49,368.724,371.182,25222.1,371.182
2024-08-28,371.428,371.428,367.986,367.986,9763.4,367.986
2024-08-29,367.74,367.74,353.975,361.35,13831.4,361.35
2024-08-30,362.824,374.378,362.824,371.674,10170.2,371.674
2024-09-02,373.64,391.584,373.64,388.635,34985.5,388.635
2024-09-03,391.584,393.306,374.378,387.652,47189.7,387.652
2024-09-04,377.819,380.277,346.846,348.321,26849.3,348.321
2024-09-05,351.516,361.35,349.058,357.908,9763.4,357.908
2024-09-06,363.562,368.724,358.891,367.003,24001.7,367.003
2024-09-09,352.254,391.584,352.254,389.864,102922.0,389.864
2024-09-10,434.848,442.468,394.043,405.596,434878.0,405.596
2024-09-11,400.68,417.887,399.696,402.155,107397.0,402.155
2024-09-12,415.429,426.49,406.088,421.574,94786.3,421.574
2024-09-13,421.574,421.574,406.826,406.826,24408.5,406.826
2024-09-17,417.641,417.887,400.926,400.926,14645.1,400.926
2024-09-18,413.462,413.462,405.596,409.284,21967.6,409.284
2024-09-19,411.25,417.15,408.054,409.038,32137.8,409.038
2024-09-20,412.234,412.479,396.501,401.663,24001.7,401.663
2024-09-24,417.396,417.396,383.473,386.668,72005.1,386.668
2024-09-25,386.914,403.138,386.914,403.138,28069.7,403.138
2024-09-26,402.892,406.088,397.238,406.088,27256.1,406.088
2024-09-27,397.238,405.596,397.238,401.663,8949.78,401.663
2024-09-30,393.306,398.714,388.635,393.306,17085.9,393.306
2024-10-01,393.552,399.696,393.552,399.205,6508.93,399.205
2024-10-02,398.222,398.222,393.306,393.306,20340.4,393.306
2024-10-03,398.222,411.496,398.222,411.496,15865.5,411.496
2024-10-04,413.954,413.954,399.696,404.613,18713.1,404.613
2024-10-07,412.97,412.97,403.138,405.104,18306.3,405.104
2024-10-08,405.596,405.596,394.78,394.78,35799.1,394.78
2024-10-09,404.613,405.104,379.048,382.981,35799.1,382.981
2024-10-10,383.718,387.898,379.048,383.473,29697.0,383.473
2024-10-11,382.981,389.126,380.277,385.931,17492.7,385.931
2024-10-15,390.848,430.178,388.635,410.512,96006.8,410.512
2024-10-16,417.396,429.932,406.088,420.591,54919.1,420.591
2024-10-17,429.686,429.686,417.396,428.948,15051.9,428.948
2024-10-18,430.916,461.15,427.966,442.223,113906.0,442.223
2024-10-21,443.206,452.056,432.636,442.468,41087.6,442.468
2024-10-22,442.468,444.19,437.798,438.536,28069.7,438.536
2024-10-23,436.078,446.894,432.636,446.894,28476.5,446.894
2024-10-24,444.927,466.313,430.67,442.468,86243.4,442.468
2024-10-25,452.302,460.413,443.206,458.446,40680.8,458.446
2024-10-28,458.446,458.446,446.156,451.072,26849.3,451.072
2024-10-29,460.905,460.905,451.072,453.776,39053.6,453.776
2024-10-30,458.692,458.692,440.01,451.318,19323.4,451.318
2024-10-31,454.268,455.742,444.927,447.385,24611.9,447.385
2024-11-01,442.468,459.676,442.468,459.676,25628.9,459.676
2024-11-05,462.626,464.1,450.826,452.302,14645.1,452.302
2024-11-06,452.793,461.642,452.793,456.726,29086.8,456.726
2024-11-07,456.726,475.9,454.268,475.408,27256.1,475.408
2024-11-08,476.883,536.86,476.391,502.94,69157.4,502.94
2024-11-11,503.925,516.215,491.632,516.215,44342.1,516.215
2024-11-12,511.295,530.96,494.09,529.485,42714.8,529.485
2024-11-13,537.845,563.41,531.455,562.425,31731.0,562.425
2024-11-14,540.795,541.285,501.465,515.72,68954.0,515.72
2024-11-15,545.22,558.0,524.57,541.78,45359.1,541.78
2024-11-18,512.28,541.285,509.33,531.455,29290.2,531.455
2024-11-19,529.98,554.56,529.98,554.07,10170.2,554.07
2024-11-20,562.425,582.585,552.105,582.585,41291.0,582.585
2024-11-21,587.5,587.5,558.0,574.225,41697.8,574.225
2024-11-22,584.06,584.06,545.71,553.575,38646.8,553.575
2024-11-25,550.135,554.56,507.365,532.93,87260.4,532.93
2024-11-26,547.68,547.68,516.705,539.32,41901.2,539.32
2024-11-27,545.71,546.695,519.165,519.165,50037.4,519.165
2024-11-28,524.08,524.08,473.442,477.374,97837.4,477.374
2024-11-29,471.966,499.498,471.966,476.391,94176.1,476.391
2024-12-02,481.799,503.43,476.391,500.975,69360.8,500.975
2024-12-03,510.805,535.88,510.805,515.72,113296.0,515.72
2024-12-04,522.605,530.96,497.532,509.82,45969.3,509.82
2024-12-05,524.08,526.54,501.465,511.295,51868.0,511.295
2024-12-06,516.705,518.67,503.925,516.215,57766.8,516.215
2024-12-09,530.96,548.17,503.925,508.345,340498.0,508.345
2024-12-10,508.345,508.84,485.732,498.023,166791.0,498.023
2024-12-11,500.48,501.465,491.632,492.124,65699.5,492.124
2024-12-12,492.124,508.345,488.682,505.89,59597.4,505.89
2024-12-13,509.33,509.82,496.548,505.89,14848.5,505.89
2024-12-16,517.195,560.46,506.87,556.035,105160.0,556.035
2024-12-17,560.46,606.675,555.05,555.05,157434.0,555.05
2024-12-18,555.05,585.535,549.155,564.885,99261.2,564.885
2024-12-19,552.105,599.79,546.695,592.91,111058.0,592.91
2024-12-20,596.35,634.695,596.35,629.29,201370.0,629.29
2024-12-23,657.805,666.655,598.81,605.2,140348.0,605.2
2024-12-24,604.705,604.705,572.75,581.11,122042.0,581.11
2024-12-25,588.485,593.4,579.14,588.485,43935.3,588.485
2024-12-26,598.315,608.15,578.65,608.15,43935.3,608.15
2024-12-27,608.15,618.965,594.385,603.23,77700.4,603.23
2024-12-30,597.825,612.575,584.06,596.35,59190.6,596.35
2025-01-06,596.35,610.605,587.99,587.99,42104.6,587.99
2025-01-07,590.45,604.705,587.99,588.975,36205.9,588.975
2025-01-08,576.19,576.685,558.495,563.41,70581.2,563.41
2025-01-09,565.375,571.275,551.12,552.595,51257.8,552.595
2025-01-10,560.95,583.075,552.595,578.65,18916.5,578.65
2025-01-14,569.8,572.26,554.56,572.26,38646.8,572.26
2025-01-15,573.245,587.99,572.26,579.14,70377.8,579.14
2025-01-16,588.975,597.825,580.125,590.94,41901.2,590.94
2025-01-17,594.875,597.825,553.575,563.9,70581.2,563.9
2025-01-20,563.41,567.835,553.085,565.375,26035.7,565.375
2025-01-21,565.375,566.85,558.495,558.985,7932.76,558.985
2025-01-22,573.735,573.735,554.07,559.475,44138.7,559.475
2025-01-23,557.02,561.935,544.235,557.02,66716.5,557.02
2025-01-24,557.02,561.445,544.73,558.985,70377.8,558.985
2025-01-27,568.325,568.325,547.185,548.66,51054.4,548.66
2025-01-28,545.71,560.46,540.795,558.985,23594.8,558.985
2025-01-29,559.97,586.025,555.545,584.55,67937.0,584.55
2025-01-30,580.125,580.125,549.645,554.07,36612.7,554.07
2025-01-31,555.05,558.495,545.71,558.495,22577.8,558.495
2025-02-03,573.245,573.245,547.68,547.68,13628.0,547.68
2025-02-04,562.425,562.425,547.185,549.645,22577.8,549.645
2025-02-05,546.695,550.63,528.505,550.63,51664.6,550.63
2025-02-06,535.88,552.595,532.93,550.63,33765.1,550.63
2025-02-07,550.63,550.63,538.335,546.205,10983.8,546.205
2025-02-10,541.285,547.185,540.795,542.27,8542.97,542.27
2025-02-12,542.76,581.6,542.76,577.175,60207.6,577.175
2025-02-13,580.615,580.615,563.9,569.31,18713.1,569.31
2025-02-14,565.87,577.175,551.12,568.82,12814.4,568.82
2025-02-17,576.19,583.565,569.31,577.665,26645.9,577.665
2025-02-18,583.075,583.075,567.835,577.665,24611.9,577.665
2025-02-19,577.665,614.54,571.275,604.215,63055.3,604.215
2025-02-20,604.215,604.215,581.11,597.335,23188.0,597.335
2025-02-21,591.435,597.335,575.21,583.075,14645.1,583.075
2025-02-25,578.65,583.565,574.225,583.565,8746.38,583.565
2025-02-26,583.565,583.565,558.0,561.445,23188.0,561.445
2025-02-27,577.665,577.665,565.87,572.26,8949.78,572.26
2025-02-28,561.445,568.82,553.085,561.935,25628.9,561.935
2025-03-03,591.435,591.435,567.345,571.275,26035.7,571.275
2025-03-04,567.345,576.685,548.17,568.82,29290.2,568.82
2025-03-05,560.46,569.8,558.0,563.41,9763.4,563.41
2025-03-06,568.325,575.7,558.495,565.375,46986.3,565.375
2025-03-07,565.375,577.665,557.02,571.77,64275.7,571.77
2025-03-10,588.975,631.255,546.205,580.125,799582.0,580.125
2025-03-11,565.375,578.65,530.96,565.375,186114.0,565.375
2025-03-12,571.275,600.775,543.745,584.06,209302.0,584.06
2025-03-13,569.31,582.09,557.51,560.46,80344.6,560.46
2025-03-14,562.92,571.275,555.545,563.41,41494.4,563.41
2025-03-17,566.85,574.72,563.9,569.8,72411.9,569.8
2025-03-18,555.545,567.345,549.645,564.395,173300.0,564.395
2025-03-19,566.85,569.31,561.935,561.935,13424.6,561.935
2025-03-21,564.395,570.295,563.41,569.31,36002.5,569.31
2025-03-24,569.31,572.26,565.375,571.77,32137.8,571.77
2025-03-25,567.345,589.465,567.345,588.975,59800.8,588.975
2025-03-26,586.025,588.975,579.14,579.14,19323.4,579.14
2025-03-27,574.72,586.515,568.82,568.82,24205.1,568.82
2025-03-28,568.82,587.01,568.82,579.635,29697.0,579.635
2025-03-31,570.295,571.77,560.46,562.92,42714.8,562.92
2025-04-01,573.245,573.245,558.985,559.97,24205.1,559.97
2025-04-02,560.46,566.36,559.475,565.375,13831.4,565.375
2025-04-03,544.235,556.525,534.405,543.255,45765.9,543.255
2025-04-04,528.505,532.93,488.682,506.38,92752.3,506.38
2025-04-07,425.262,486.716,425.262,454.76,154383.0,454.76
2025-04-08,484.258,528.505,477.866,507.365,76276.5,507.365
2025-04-09,492.615,495.073,479.341,483.274,49834.0,483.274
2025-04-10,555.545,555.545,498.023,498.023,46579.5,498.023
2025-04-11,512.77,542.27,499.99,542.27,34578.7,542.27
2025-04-14,547.185,560.46,540.305,549.645,32951.4,549.645
2025-04-15,545.71,549.155,531.455,547.185,22984.6,547.185
2025-04-16,547.185,547.185,532.93,532.93,14238.2,532.93
2025-04-17,532.93,554.07,532.93,545.71,56953.1,545.71
2025-04-18,545.71,557.51,545.71,548.17,32341.2,548.17
2025-04-21,548.17,548.66,539.81,547.185,5085.1,547.185
2025-04-22,545.71,545.71,540.795,544.73,6305.53,544.73
2025-04-23,549.645,549.645,539.32,541.285,16272.3,541.285
2025-04-24,542.27,545.71,538.83,545.71,9763.4,545.71
2025-04-25,545.71,552.595,545.71,545.71,17492.7,545.71
2025-04-28,564.885,564.885,549.645,551.61,15458.7,551.61
2025-04-30,550.63,559.97,547.185,555.05,12204.2,555.05
2025-05-01,548.66,553.575,543.745,544.73,11390.6,544.73
2025-05-02,549.155,553.085,541.78,544.235,14238.2,544.235
2025-05-07,546.695,553.085,546.205,550.135,6102.12,550.135
2025-05-08,549.645,550.135,546.695,550.135,2644.25,550.135
2025-05-09,548.66,555.545,547.68,552.105,10983.8,552.105
2025-05-12,552.105,555.545,551.12,551.61,5695.31,551.61
2025-05-13,551.61,551.61,549.645,551.61,5085.1,551.61
2025-05-14,547.68,550.135,530.96,541.285,23391.4,541.285
2025-05-15,533.91,549.155,533.91,537.845,8949.78,537.845
2025-05-16,551.12,551.12,538.335,544.235,3661.27,544.235
2025-05-19,553.575,559.97,548.66,550.135,29493.6,550.135
2025-05-20,550.135,554.07,543.255,554.07,10983.8,554.07
2025-05-21,554.56,555.05,545.71,550.63,12407.6,550.63
2025-05-22,546.205,554.07,545.71,548.66,8949.78,548.66
2025-05-23,563.41,563.41,550.135,555.545,13628.0,555.545
2025-05-26,561.935,561.935,555.545,557.51,16068.9,557.51
2025-05-27,557.51,569.8,557.51,569.8,28069.7,569.8
2025-05-28,589.96,589.96,573.245,580.125,31120.8,580.125
2025-05-29,588.975,588.975,573.245,583.075,19933.6,583.075
2025-05-30,578.16,587.01,578.16,587.01,4678.29,587.01
2025-06-02,584.55,588.975,584.55,586.025,9560.0,586.025
2025-06-03,585.535,587.5,582.585,586.025,10983.8,586.025
2025-06-04,587.01,587.5,582.585,587.01,8949.78,587.01
2025-06-05,587.5,601.755,586.025,597.825,32137.8,597.825
2025-06-06,601.755,614.54,595.365,608.64,63462.1,608.64
2025-06-09,620.93,628.795,546.205,562.92,410876.0,562.92
2025-06-10,560.46,560.46,547.185,556.035,79734.4,556.035
2025-06-11,558.0,558.985,550.63,557.51,35595.7,557.51
2025-06-12,557.51,569.31,553.575,567.835,32951.4,567.835
2025-06-13,569.8,570.295,557.51,559.475,18102.9,559.475
2025-06-16,569.31,584.55,568.82,584.55,27052.7,584.55
2025-06-17,582.09,582.09,565.87,580.125,21154.0,580.125
2025-06-18,594.385,594.385,571.275,574.225,13017.8,574.225
2025-06-19,588.975,589.96,580.125,585.04,21967.6,585.04
2025-06-20,585.04,589.465,572.75,576.685,26442.5,576.685
2025-06-23,572.26,581.11,572.26,577.175,6102.12,577.175
2025-06-24,580.125,580.125,571.77,571.77,6102.12,571.77
2025-06-25,572.26,582.09,564.395,573.735,18102.9,573.735
2025-06-26,578.16,581.6,572.26,580.125,9763.4,580.125
2025-06-27,580.125,583.075,569.8,583.075,21967.6,583.075
2025-06-30,574.225,589.96,573.735,582.585,18713.1,582.585
2025-07-01,579.635,588.975,573.735,580.615,11797.4,580.615
2025-07-02,574.72,587.5,571.275,579.14,24815.3,579.14
2025-07-03,579.14,582.09,565.375,570.785,12814.4,570.785
2025-07-04,574.72,577.175,565.87,570.295,6508.93,570.295
2025-07-07,570.295,576.685,565.375,570.295,6102.12,570.295
2025-07-08,567.345,573.735,567.345,567.835,6102.12,567.835
2025-07-09,568.325,576.685,568.325,571.275,4678.29,571.275
2025-07-10,571.77,581.11,571.275,573.245,7525.95,573.245
2025-07-11,574.72,578.16,566.85,569.8,43528.5,569.8
2025-07-14,573.735,590.94,572.75,580.125,28476.5,580.125
2025-07-15,580.125,589.465,580.125,588.485,9966.8,588.485
2025-07-16,589.96,590.45,580.125,590.45,14645.1,590.45
2025-07-17,590.45,590.45,582.09,582.585,2847.65,582.585
2025-07-18,582.585,584.06,571.275,577.665,11187.2,577.665
2025-07-22,574.72,583.565,574.72,576.685,10577.0,576.685
2025-07-23,574.72,580.125,573.245,574.72,7932.76,574.72
2025-07-24,582.585,582.585,569.8,581.6,12611.0,581.6
2025-07-25,581.6,588.485,574.225,588.485,10983.8,588.485
2025-07-28,585.04,593.4,585.04,587.5,12611.0,587.5
2025-07-29,592.91,592.91,577.175,587.5,9763.4,587.5
2025-07-30,587.5,596.5,572.5,595.5,9000.0,595.5
2025-07-31,596.0,600.5,596.0,600.5,8600.0,600.5
2025-08-01,599.5,605.0,573.0,592.5,36200.0,592.5
2025-08-04,580.5,592.0,577.0,592.0,10000.0,592.0
2025-08-05,594.0,594.0,590.5,592.5,10800.0,592.5
2025-08-06,593.0,602.5,588.5,595.0,9600.0,595.0
2025-08-07,595.0,599.5,595.0,597.5,6200.0,597.5
2025-08-08,603.0,603.0,593.5,595.5,5400.0,595.5
2025-08-12,601.0,604.5,592.5,602.5,15000.0,602.5
2025-08-13,605.0,606.0,603.0,605.0,15400.0,605.0
2025-08-14,605.0,607.5,601.0,607.5,34600.0,607.5
2025-08-15,601.0,613.0,596.0,612.5,26200.0,612.5
2025-08-18,624.0,624.0,586.5,607.5,45800.0,607.5
2025-08-19,607.0,621.0,600.0,616.0,19400.0,616.0
2025-08-20,621.0,621.5,610.0,613.5,25600.0,613.5
2025-08-21,620.5,620.5,604.0,620.0,25200.0,620.0
2025-08-22,616.0,669.5,610.5,644.0,114200.0,644.0
2025-08-25,689.0,689.0,644.0,686.0,71200.0,686.0
2025-08-26,691.0,691.0,656.0,663.5,48000.0,663.5
2025-08-27,678.5,683.5,662.5,673.5,37000.0,673.5
2025-08-28,670.0,684.0,666.5,683.0,12400.0,683.0
2025-08-29,684.5,684.5,672.5,673.5,12600.0,673.5
2025-09-01,672.0,672.5,665.0,666.5,9600.0,666.5
2025-09-02,669.0,670.5,663.0,667.5,17400.0,667.5
2025-09-03,667.5,667.5,645.0,659.0,19000.0,659.0
2025-09-04,653.0,666.5,647.0,655.0,26600.0,655.0
2025-09-05,654.0,668.5,653.5,668.5,18000.0,668.5
2025-09-08,677.5,690.5,675.0,679.5,45000.0,679.5
2025-09-09,679.5,685.0,671.5,680.5,31800.0,680.5
2025-09-10,680.5,712.5,677.5,711.0,130800.0,711.0
2025-09-11,724.0,724.0,699.0,700.0,84600.0,700.0
2025-09-12,709.5,760.0,701.5,731.0,446600.0,731.0
2025-09-16,732.5,816.0,722.0,789.5,300200.0,789.5
2025-09-17,790.5,820.5,742.0,802.5,191400.0,802.5
2025-09-18,822.0,823.5,770.0,786.5,72200.0,786.5
2025-09-19,770.0,786.5,758.5,781.5,48000.0,781.5
2025-09-22,785.0,810.0,777.0,778.0,60000.0,778.0
2025-09-24,778.0,792.0,770.5,792.0,24000.0,792.0
2025-09-25,792.5,794.0,780.0,786.0,22800.0,786.0
2025-09-26,776.5,786.0,770.0,786.0,26000.0,786.0
2025-09-29,786.0,790.0,772.5,776.0,12800.0,776.0
2025-09-30,771.5,771.5,745.0,755.0,25400.0,755.0
2025-10-01,754.5,760.0,705.5,707.0,74000.0,707.0
2025-10-02,703.5,719.0,695.0,700.0,38800.0,700.0
2025-10-03,700.0,725.0,695.0,715.0,28400.0,715.0
2025-10-06,730.0,735.0,718.0,734.5,27800.0,734.5
2025-10-07,748.0,748.5,720.0,728.5,31600.0,728.5
2025-10-08,721.0,728.0,716.5,723.0,14600.0,723.0
2025-10-09,723.0,723.0,710.0,716.0,22600.0,716.0
2025-10-10,715.5,721.0,701.0,708.0,19000.0,708.0
2025-10-14,693.0,702.0,675.5,684.0,51600.0,684.0
2025-10-15,684.0,730.0,674.5,702.5,42800.0,702.5
2025-10-16,697.5,716.0,694.0,703.5,10800.0,703.5
2025-10-17,693.0,702.0,686.5,694.5,24800.0,694.5
2025-10-20,709.5,715.5,696.5,697.0,12000.0,697.0
2025-10-21,698.5,710.5,698.5,703.0,10800.0,703.0
2025-10-22,699.5,709.0,696.0,707.5,19000.0,707.5
2025-10-23,707.5,730.0,700.0,700.0,7800.0,700.0
2025-10-24,706.5,716.0,687.0,695.5,17000.0,695.5
2025-10-27,704.5,715.0,694.0,696.5,22800.0,696.5
2025-10-28,696.5,700.0,690.0,690.0,17600.0,690.0
2025-10-29,690.0,690.0,675.0,679.0,24400.0,679.0
2025-10-30,673.0,688.0,655.0,686.0,12000.0,686.0
2025-10-31,690.0,698.0,673.0,675.0,16300.0,675.0
2025-11-04,670.0,678.0,665.0,671.0,18200.0,671.0
2025-11-05,670.0,675.0,645.0,664.0,20400.0,664.0
2025-11-06,661.0,679.0,661.0,679.0,8300.0,679.0
2025-11-07,669.0,677.0,661.0,668.0,5100.0,668.0
2025-11-10,675.0,678.0,670.0,670.0,4800.0,670.0
2025-11-11,673.0,679.0,665.0,670.0,8000.0,670.0
2025-11-12,670.0,739.0,670.0,716.0,20200.0,716.0
2025-11-13,716.0,737.0,704.0,712.0,11600.0,712.0
